,rmse,mae,r2,horizon
ridge,16.45811925538076,12.448647114226858,0.8134670204893985,24h
random_forest,14.702117840561657,11.046643072556927,0.8511478827704259,24h
xgboost,13.418485958485217,10.057402020245965,0.8760055491152485,24h
ridge,19.04447163323081,14.649034888704483,0.7503420033299395,48h
random_forest,17.27932977964509,13.354892317763257,0.7944765357971783,48h
xgboost,16.183886065273988,12.436771591136026,0.819709331264887,48h
ridge,19.714332665056435,15.291713912100201,0.7326062383201146,72h
random_forest,17.703098485931314,13.703893143547498,0.7843816688181509,72h
xgboost,16.87502077740313,13.092463211378963,0.8040813669465985,72h
